trip_id,route_id,direction_id,bus_id
T000001,R0001,0,B00001
T000002,R0001,1,B00001
T000003,R0001,0,B00001
T000004,R0001,1,B00001
T000005,R0001,0,B00001
T000006,R0001,1,B00001
T000007,R0001,0,B00001
T000008,R0001,1,B00002
T000009,R0001,0,B00002
T000010,R0001,1,B00002
T000011,R0001,0,B00002
T000012,R0001,1,B00002
T000013,R0001,0,B00002
T000014,R0001,1,B00002
T000015,R0001,0,B00003
T000016,R0001,1,B00003
T000017,R0001,0,B00003
T000018,R0001,1,B00003
T000019,R0001,0,B00003
T000020,R0001,1,B00003
T000021,R0001,0,B00003
T000022,R0001,1,B00004
T000023,R0001,0,B00004
T000024,R0001,1,B00004
T000025,R0001,0,B00004
T000026,R0001,1,B00004
T000027,R0001,0,B00004
T000028,R0001,1,B00004
T000029,R0001,0,B00005
T000030,R0001,1,B00005
T000031,R0001,0,B00005
T000032,R0001,1,B00005
T000033,R0001,0,B00005
T000034,R0001,1,B00005
T000035,R0001,0,B00005
T000036,R0001,1,B00006
T000037,R0001,0,B00006
T000038,R0001,1,B00006
T000039,R0001,0,B00006
T000040,R0001,1,B00006
T000041,R0001,0,B00006
T000042,R0001,1,B00006
T000043,R0001,0,B00007
T000044,R0001,1,B00007
T000045,R0001,0,B00007
T000046,R0001,1,B00007
T000047,R0001,0,B00007
T000048,R0001,1,B00007
T000049,R0001,0,B00007
T000050,R0001,1,B00008
T000051,R0001,0,B00008
T000052,R0001,1,B00008
T000053,R0001,0,B00008
T000054,R0001,1,B00008
T000055,R0001,0,B00008
T000056,R0001,1,B00008
T000057,R0001,0,B00009
T000058,R0001,1,B00009
T000059,R0001,0,B00009
T000060,R0001,1,B00009
T000061,R0001,0,B00009
T000062,R0001,1,B00009
T000063,R0001,0,B00009
T000064,R0001,1,B00010
T000065,R0001,0,B00010
T000066,R0001,1,B00010
T000067,R0001,0,B00010
T000068,R0001,1,B00010
T000069,R0001,0,B00010
T000070,R0001,1,B00010
T000071,R0001,0,B00011
T000072,R0001,1,B00011
T000073,R0001,0,B00011
T000074,R0001,1,B00011
T000075,R0001,0,B00011
T000076,R0001,1,B00011
T000077,R0001,0,B00011
T000078,R0001,1,B00012
T000079,R0001,0,B00012
T000080,R0001,1,B00012
T000081,R0001,0,B00012
T000082,R0001,1,B00012
T000083,R0001,0,B00012
T000084,R0001,1,B00012
T000085,R0001,0,B00013
T000086,R0001,1,B00013
T000087,R0001,0,B00013
T000088,R0001,1,B00013
T000089,R0001,0,B00013
T000090,R0001,1,B00013
T000091,R0001,0,B00013
T000092,R0001,1,B00014
T000093,R0001,0,B00014
T000094,R0001,1,B00014
T000095,R0001,0,B00014
T000096,R0001,1,B00014
T000097,R0001,0,B00014
T000098,R0001,1,B00014
T000099,R0001,0,B00015
T000100,R0001,1,B00015
T000101,R0001,0,B00015
T000102,R0001,1,B00015
T000103,R0001,0,B00015
T000104,R0001,1,B00015
T000105,R0001,0,B00015
T000106,R0001,1,B00016
T000107,R0001,0,B00016
T000108,R0001,1,B00016
T000109,R0001,0,B00016
T000110,R0001,1,B00016
T000111,R0001,0,B00016
T000112,R0001,1,B00016
T000113,R0001,0,B00017
T000114,R0001,1,B00017
T000115,R0001,0,B00017
T000116,R0001,1,B00017
T000117,R0001,0,B00017
T000118,R0001,1,B00017
T000119,R0001,0,B00017
T000120,R0001,1,B00018
T000121,R0001,0,B00018
T000122,R0001,1,B00018
T000123,R0001,0,B00018
T000124,R0001,1,B00018
T000125,R0001,0,B00018
T000126,R0001,1,B00018
T000127,R0001,0,B00019
T000128,R0001,1,B00019
T000129,R0001,0,B00019
T000130,R0001,1,B00019
T000131,R0001,0,B00019
T000132,R0001,1,B00019
T000133,R0001,1,B00020
T000134,R0001,0,B00020
T000135,R0001,1,B00020
T000136,R0001,0,B00020
T000137,R0001,1,B00020
T000138,R0001,0,B00020
T000139,R0001,0,B00021
T000140,R0001,1,B00021
T000141,R0001,0,B00021
T000142,R0001,1,B00021
T000143,R0001,0,B00021
T000144,R0001,1,B00021
T000145,R0001,1,B00022
T000146,R0001,0,B00022
T000147,R0001,1,B00022
T000148,R0001,0,B00022
T000149,R0001,1,B00022
T000150,R0001,0,B00022
T000151,R0001,0,B00023
T000152,R0001,1,B00023
T000153,R0001,0,B00023
T000154,R0001,1,B00023
T000155,R0001,0,B00023
T000156,R0001,1,B00023
T000157,R0001,1,B00024
T000158,R0001,0,B00024
T000159,R0001,1,B00024
T000160,R0001,0,B00024
T000161,R0001,1,B00024
T000162,R0001,0,B00024
T000163,R0001,0,B00025
T000164,R0001,1,B00025
T000165,R0001,0,B00025
T000166,R0001,1,B00025
T000167,R0001,0,B00025
T000168,R0001,1,B00025
T000169,R0001,1,B00026
T000170,R0001,0,B00026
T000171,R0001,1,B00026
T000172,R0001,0,B00026
T000173,R0001,1,B00026
T000174,R0001,0,B00026
T000175,R0001,0,B00027
T000176,R0001,1,B00027
T000177,R0001,0,B00027
T000178,R0001,1,B00027
T000179,R0001,0,B00027
T000180,R0001,1,B00027
T000181,R0001,1,B00028
T000182,R0001,0,B00028
T000183,R0001,1,B00028
T000184,R0001,0,B00028
T000185,R0001,1,B00028
T000186,R0001,0,B00028
T000187,R0001,0,B00029
T000188,R0001,1,B00029
T000189,R0001,0,B00029
T000190,R0001,1,B00029
T000191,R0001,0,B00029
T000192,R0001,1,B00029
T000193,R0001,1,B00030
T000194,R0001,0,B00030
T000195,R0001,1,B00030
T000196,R0001,0,B00030
T000197,R0001,1,B00030
T000198,R0001,0,B00030
T010674,R0002,0,B01321
T010675,R0002,1,B01321
T010676,R0002,0,B01321
T010677,R0002,1,B01321
T010678,R0002,0,B01321
T010679,R0002,1,B01321
T010680,R0002,0,B01321
T010681,R0002,1,B01321
T010682,R0002,1,B01322
T010683,R0002,0,B01322
T010684,R0002,1,B01322
T010685,R0002,0,B01322
T010686,R0002,1,B01322
T010687,R0002,0,B01322
T010688,R0002,1,B01322
T010689,R0002,0,B01322
T010690,R0002,0,B01323
T010691,R0002,1,B01323
T010692,R0002,0,B01323
T010693,R0002,1,B01323
T010694,R0002,0,B01323
T010695,R0002,1,B01323
T010696,R0002,0,B01323
T010697,R0002,1,B01323
T010698,R0002,1,B01324
T010699,R0002,0,B01324
T010700,R0002,1,B01324
T010701,R0002,0,B01324
T010702,R0002,1,B01324
T010703,R0002,0,B01324
T010704,R0002,1,B01324
T010705,R0002,0,B01324
T010706,R0002,0,B01325
T010707,R0002,1,B01325
T010708,R0002,0,B01325
T010709,R0002,1,B01325
T010710,R0002,0,B01325
T010711,R0002,1,B01325
T010712,R0002,0,B01325
T010713,R0002,1,B01325
T010714,R0002,1,B01326
T010715,R0002,0,B01326
T010716,R0002,1,B01326
T010717,R0002,0,B01326
T010718,R0002,1,B01326
T010719,R0002,0,B01326
T010720,R0002,1,B01326
T010721,R0002,0,B01326
T010722,R0002,0,B01327
T010723,R0002,1,B01327
T010724,R0002,0,B01327
T010725,R0002,1,B01327
T010726,R0002,0,B01327
T010727,R0002,1,B01327
T010728,R0002,0,B01327
T010729,R0002,1,B01327
T010730,R0002,1,B01328
T010731,R0002,0,B01328
T010732,R0002,1,B01328
T010733,R0002,0,B01328
T010734,R0002,1,B01328
T010735,R0002,0,B01328
T010736,R0002,1,B01328
T010737,R0002,0,B01328
T010738,R0002,0,B01329
T010739,R0002,1,B01329
T010740,R0002,0,B01329
T010741,R0002,1,B01329
T010742,R0002,0,B01329
T010743,R0002,1,B01329
T010744,R0002,0,B01329
T010745,R0002,1,B01329
T010746,R0002,1,B01330
T010747,R0002,0,B01330
T010748,R0002,1,B01330
T010749,R0002,0,B01330
T010750,R0002,1,B01330
T010751,R0002,0,B01330
T010752,R0002,1,B01330
T010753,R0002,0,B01330
T010754,R0002,0,B01331
T010755,R0002,1,B01331
T010756,R0002,0,B01331
T010757,R0002,1,B01331
T010758,R0002,0,B01331
T010759,R0002,1,B01331
T010760,R0002,0,B01331
T010761,R0002,1,B01331
T010762,R0002,1,B01332
T010763,R0002,0,B01332
T010764,R0002,1,B01332
T010765,R0002,0,B01332
T010766,R0002,1,B01332
T010767,R0002,0,B01332
T010768,R0002,1,B01332
T010769,R0002,0,B01332
T010770,R0002,0,B01333
T010771,R0002,1,B01333
T010772,R0002,0,B01333
T010773,R0002,1,B01333
T010774,R0002,0,B01333
T010775,R0002,1,B01333
T010776,R0002,0,B01333
T010777,R0002,1,B01333
T010778,R0002,1,B01334
T010779,R0002,0,B01334
T010780,R0002,1,B01334
T010781,R0002,0,B01334
T010782,R0002,1,B01334
T010783,R0002,0,B01334
T010784,R0002,1,B01334
T010785,R0002,0,B01334
T010786,R0002,0,B01335
T010787,R0002,1,B01335
T010788,R0002,0,B01335
T010789,R0002,1,B01335
T010790,R0002,0,B01335
T010791,R0002,1,B01335
T010792,R0002,0,B01335
T010793,R0002,1,B01335
T010794,R0002,1,B01336
T010795,R0002,0,B01336
T010796,R0002,1,B01336
T010797,R0002,0,B01336
T010798,R0002,1,B01336
T010799,R0002,0,B01336
T010800,R0002,1,B01336
T010801,R0002,0,B01336
T010802,R0002,0,B01337
T010803,R0002,1,B01337
T010804,R0002,0,B01337
T010805,R0002,1,B01337
T010806,R0002,0,B01337
T010807,R0002,1,B01337
T010808,R0002,0,B01337
T010809,R0002,1,B01337
T010810,R0002,1,B01338
T010811,R0002,0,B01338
T010812,R0002,1,B01338
T010813,R0002,0,B01338
T010814,R0002,1,B01338
T010815,R0002,0,B01338
T010816,R0002,1,B01338
T010817,R0002,0,B01338
T010818,R0002,0,B01339
T010819,R0002,1,B01339
T010820,R0002,0,B01339
T010821,R0002,1,B01339
T010822,R0002,0,B01339
T010823,R0002,1,B01339
T010824,R0002,0,B01339
T010825,R0002,1,B01339
T010826,R0002,1,B01340
T010827,R0002,0,B01340
T010828,R0002,1,B01340
T010829,R0002,0,B01340
T010830,R0002,1,B01340
T010831,R0002,0,B01340
T010832,R0002,1,B01340
T010833,R0002,0,B01340
T010834,R0002,0,B01341
T010835,R0002,1,B01341
T010836,R0002,0,B01341
T010837,R0002,1,B01341
T010838,R0002,0,B01341
T010839,R0002,1,B01341
T010840,R0002,0,B01341
T010841,R0002,1,B01342
T010842,R0002,0,B01342
T010843,R0002,1,B01342
T010844,R0002,0,B01342
T010845,R0002,1,B01342
T010846,R0002,0,B01342
T010847,R0002,1,B01342
T010848,R0002,0,B01343
T010849,R0002,1,B01343
T010850,R0002,0,B01343
T010851,R0002,1,B01343
T010852,R0002,0,B01343
T010853,R0002,1,B01343
T010854,R0002,0,B01343
T010855,R0002,1,B01344
T010856,R0002,0,B01344
T010857,R0002,1,B01344
T010858,R0002,0,B01344
T010859,R0002,1,B01344
T010860,R0002,0,B01344
T010861,R0002,1,B01344
T010862,R0002,0,B01345
T010863,R0002,1,B01345
T010864,R0002,0,B01345
T010865,R0002,1,B01345
T010866,R0002,0,B01345
T010867,R0002,1,B01345
T010868,R0002,0,B01345
T010869,R0002,1,B01346
T010870,R0002,0,B01346
T010871,R0002,1,B01346
T010872,R0002,0,B01346
T010873,R0002,1,B01346
T010874,R0002,0,B01346
T010875,R0002,1,B01346
T010876,R0002,0,B01347
T010877,R0002,1,B01347
T010878,R0002,0,B01347
T010879,R0002,1,B01347
T010880,R0002,0,B01347
T010881,R0002,1,B01347
T010882,R0002,0,B01347
T010883,R0002,1,B01348
T010884,R0002,0,B01348
T010885,R0002,1,B01348
T010886,R0002,0,B01348
T010887,R0002,1,B01348
T010888,R0002,0,B01348
T010889,R0002,1,B01348
T010890,R0002,0,B01349
T010891,R0002,1,B01349
T010892,R0002,0,B01349
T010893,R0002,1,B01349
T010894,R0002,0,B01349
T010895,R0002,1,B01349
T010896,R0002,0,B01349
T010897,R0002,1,B01350
T010898,R0002,0,B01350
T010899,R0002,1,B01350
T010900,R0002,0,B01350
T010901,R0002,1,B01350
T010902,R0002,0,B01350
T010903,R0002,1,B01350
T013451,R0003,0,B01621
T013452,R0003,1,B01621
T013453,R0003,0,B01621
T013454,R0003,1,B01621
T013455,R0003,0,B01621
T013456,R0003,1,B01621
T013457,R0003,1,B01622
T013458,R0003,0,B01622
T013459,R0003,1,B01622
T013460,R0003,0,B01622
T013461,R0003,1,B01622
T013462,R0003,0,B01622
T013463,R0003,0,B01623
T013464,R0003,1,B01623
T013465,R0003,0,B01623
T013466,R0003,1,B01623
T013467,R0003,0,B01623
T013468,R0003,1,B01623
T013469,R0003,1,B01624
T013470,R0003,0,B01624
T013471,R0003,1,B01624
T013472,R0003,0,B01624
T013473,R0003,1,B01624
T013474,R0003,0,B01624
T013475,R0003,0,B01625
T013476,R0003,1,B01625
T013477,R0003,0,B01625
T013478,R0003,1,B01625
T013479,R0003,0,B01625
T013480,R0003,1,B01625
T013481,R0003,1,B01626
T013482,R0003,0,B01626
T013483,R0003,1,B01626
T013484,R0003,0,B01626
T013485,R0003,1,B01626
T013486,R0003,0,B01626
T013487,R0003,0,B01627
T013488,R0003,1,B01627
T013489,R0003,0,B01627
T013490,R0003,1,B01627
T013491,R0003,0,B01627
T013492,R0003,1,B01627
T013493,R0003,1,B01628
T013494,R0003,0,B01628
T013495,R0003,1,B01628
T013496,R0003,0,B01628
T013497,R0003,1,B01628
T013498,R0003,0,B01628
T013499,R0003,0,B01629
T013500,R0003,1,B01629
T013501,R0003,0,B01629
T013502,R0003,1,B01629
T013503,R0003,0,B01629
T013504,R0003,1,B01629
T013505,R0003,1,B01630
T013506,R0003,0,B01630
T013507,R0003,1,B01630
T013508,R0003,0,B01630
T013509,R0003,1,B01630
T013510,R0003,0,B01630
T013511,R0003,0,B01631
T013512,R0003,1,B01631
T013513,R0003,0,B01631
T013514,R0003,1,B01631
T013515,R0003,0,B01631
T013516,R0003,1,B01631
T013517,R0003,1,B01632
T013518,R0003,0,B01632
T013519,R0003,1,B01632
T013520,R0003,0,B01632
T013521,R0003,1,B01632
T013522,R0003,0,B01632
T013523,R0003,0,B01633
T013524,R0003,1,B01633
T013525,R0003,0,B01633
T013526,R0003,1,B01633
T013527,R0003,0,B01633
T013528,R0003,1,B01633
T013529,R0003,1,B01634
T013530,R0003,0,B01634
T013531,R0003,1,B01634
T013532,R0003,0,B01634
T013533,R0003,1,B01634
T013534,R0003,0,B01634
T013535,R0003,0,B01635
T013536,R0003,1,B01635
T013537,R0003,0,B01635
T013538,R0003,1,B01635
T013539,R0003,0,B01635
T013540,R0003,1,B01635
T013541,R0003,1,B01636
T013542,R0003,0,B01636
T013543,R0003,1,B01636
T013544,R0003,0,B01636
T013545,R0003,1,B01636
T013546,R0003,0,B01636
T013547,R0003,0,B01637
T013548,R0003,1,B01637
T013549,R0003,0,B01637
T013550,R0003,1,B01637
T013551,R0003,0,B01637
T013552,R0003,1,B01637
T013553,R0003,1,B01638
T013554,R0003,0,B01638
T013555,R0003,1,B01638
T013556,R0003,0,B01638
T013557,R0003,1,B01638
T013558,R0003,0,B01638
T013559,R0003,0,B01639
T013560,R0003,1,B01639
T013561,R0003,0,B01639
T013562,R0003,1,B01639
T013563,R0003,0,B01639
T013564,R0003,1,B01639
T013565,R0003,1,B01640
T013566,R0003,0,B01640
T013567,R0003,1,B01640
T013568,R0003,0,B01640
T013569,R0003,1,B01640
T013570,R0003,0,B01640
T013571,R0003,0,B01641
T013572,R0003,1,B01641
T013573,R0003,0,B01641
T013574,R0003,1,B01641
T013575,R0003,0,B01641
T013576,R0003,1,B01641
T013577,R0003,1,B01642
T013578,R0003,0,B01642
T013579,R0003,1,B01642
T013580,R0003,0,B01642
T013581,R0003,1,B01642
T013582,R0003,0,B01642
T013583,R0003,0,B01643
T013584,R0003,1,B01643
T013585,R0003,0,B01643
T013586,R0003,1,B01643
T013587,R0003,0,B01643
T013588,R0003,1,B01643
T013589,R0003,1,B01644
T013590,R0003,0,B01644
T013591,R0003,1,B01644
T013592,R0003,0,B01644
T013593,R0003,1,B01644
T013594,R0003,0,B01644
T013595,R0003,0,B01645
T013596,R0003,1,B01645
T013597,R0003,0,B01645
T013598,R0003,1,B01645
T013599,R0003,0,B01645
T013600,R0003,1,B01645
T013601,R0003,1,B01646
T013602,R0003,0,B01646
T013603,R0003,1,B01646
T013604,R0003,0,B01646
T013605,R0003,1,B01646
T013606,R0003,0,B01646
T013607,R0003,0,B01647
T013608,R0003,1,B01647
T013609,R0003,0,B01647
T013610,R0003,1,B01647
T013611,R0003,0,B01647
T013612,R0003,1,B01647
T013613,R0003,1,B01648
T013614,R0003,0,B01648
T013615,R0003,1,B01648
T013616,R0003,0,B01648
T013617,R0003,1,B01648
T013618,R0003,0,B01648
T013619,R0003,0,B01649
T013620,R0003,1,B01649
T013621,R0003,0,B01649
T013622,R0003,1,B01649
T013623,R0003,0,B01649
T013624,R0003,1,B01649
T013625,R0003,1,B01650
T013626,R0003,0,B01650
T013627,R0003,1,B01650
T013628,R0003,0,B01650
T013629,R0003,1,B01650
T013630,R0003,0,B01650
T036129,R0004,0,B04291
T036130,R0004,1,B04291
T036131,R0004,0,B04291
T036132,R0004,1,B04291
T036133,R0004,1,B04292
T036134,R0004,0,B04292
T036135,R0004,1,B04292
T036136,R0004,0,B04292
T036137,R0004,0,B04293
T036138,R0004,1,B04293
T036139,R0004,0,B04293
T036140,R0004,1,B04293
T036141,R0004,1,B04294
T036142,R0004,0,B04294
T036143,R0004,1,B04294
T036144,R0004,0,B04294
T036145,R0004,0,B04295
T036146,R0004,1,B04295
T036147,R0004,0,B04295
T036148,R0004,1,B04295
T036149,R0004,1,B04296
T036150,R0004,0,B04296
T036151,R0004,1,B04296
T036152,R0004,0,B04296
T036153,R0004,0,B04297
T036154,R0004,1,B04297
T036155,R0004,0,B04297
T036156,R0004,1,B04297
T036157,R0004,1,B04298
T036158,R0004,0,B04298
T036159,R0004,1,B04298
T036160,R0004,0,B04298
T036161,R0004,0,B04299
T036162,R0004,1,B04299
T036163,R0004,0,B04299
T036164,R0004,1,B04299
T036165,R0004,1,B04300
T036166,R0004,0,B04300
T036167,R0004,1,B04300
T036168,R0004,0,B04300
T036169,R0004,0,B04301
T036170,R0004,1,B04301
T036171,R0004,0,B04301
T036172,R0004,1,B04301
T036173,R0004,1,B04302
T036174,R0004,0,B04302
T036175,R0004,1,B04302
T036176,R0004,0,B04302
T036177,R0004,0,B04303
T036178,R0004,1,B04303
T036179,R0004,0,B04303
T036180,R0004,1,B04303
T036181,R0004,1,B04304
T036182,R0004,0,B04304
T036183,R0004,1,B04304
T036184,R0004,0,B04304
T036185,R0004,0,B04305
T036186,R0004,1,B04305
T036187,R0004,0,B04305
T036188,R0004,1,B04305
T036189,R0004,1,B04306
T036190,R0004,0,B04306
T036191,R0004,1,B04306
T036192,R0004,0,B04306
T036193,R0004,0,B04307
T036194,R0004,1,B04307
T036195,R0004,0,B04307
T036196,R0004,1,B04307
T036197,R0004,1,B04308
T036198,R0004,0,B04308
T036199,R0004,1,B04308
T036200,R0004,0,B04308
T036201,R0004,0,B04309
T036202,R0004,1,B04309
T036203,R0004,0,B04309
T036204,R0004,1,B04309
T036205,R0004,1,B04310
T036206,R0004,0,B04310
T036207,R0004,1,B04310
T036208,R0004,0,B04310
T036209,R0004,0,B04311
T036210,R0004,1,B04311
T036211,R0004,0,B04311
T036212,R0004,1,B04311
T036213,R0004,1,B04312
T036214,R0004,0,B04312
T036215,R0004,1,B04312
T036216,R0004,0,B04312
T036217,R0004,0,B04313
T036218,R0004,1,B04313
T036219,R0004,0,B04313
T036220,R0004,1,B04313
T036221,R0004,1,B04314
T036222,R0004,0,B04314
T036223,R0004,1,B04314
T036224,R0004,0,B04314
T036225,R0004,0,B04315
T036226,R0004,1,B04315
T036227,R0004,0,B04315
T036228,R0004,1,B04315
T036229,R0004,1,B04316
T036230,R0004,0,B04316
T036231,R0004,1,B04316
T036232,R0004,0,B04316
T036233,R0004,0,B04317
T036234,R0004,1,B04317
T036235,R0004,0,B04317
T036236,R0004,1,B04317
T036237,R0004,1,B04318
T036238,R0004,0,B04318
T036239,R0004,1,B04318
T036240,R0004,0,B04318
T036241,R0004,0,B04319
T036242,R0004,1,B04319
T036243,R0004,0,B04319
T036244,R0004,1,B04319
T036245,R0004,1,B04320
T036246,R0004,0,B04320
T036247,R0004,1,B04320
T036248,R0004,0,B04320
T055340,R0005,0,B06661
T055341,R0005,1,B06661
T055342,R0005,0,B06661
T055343,R0005,1,B06661
T055344,R0005,0,B06661
T055345,R0005,1,B06661
T055346,R0005,1,B06662
T055347,R0005,0,B06662
T055348,R0005,1,B06662
T055349,R0005,0,B06662
T055350,R0005,1,B06662
T055351,R0005,0,B06662
T055352,R0005,0,B06663
T055353,R0005,1,B06663
T055354,R0005,0,B06663
T055355,R0005,1,B06663
T055356,R0005,0,B06663
T055357,R0005,1,B06663
T055358,R0005,1,B06664
T055359,R0005,0,B06664
T055360,R0005,1,B06664
T055361,R0005,0,B06664
T055362,R0005,1,B06664
T055363,R0005,0,B06664
T055364,R0005,0,B06665
T055365,R0005,1,B06665
T055366,R0005,0,B06665
T055367,R0005,1,B06665
T055368,R0005,0,B06665
T055369,R0005,1,B06665
T055370,R0005,1,B06666
T055371,R0005,0,B06666
T055372,R0005,1,B06666
T055373,R0005,0,B06666
T055374,R0005,1,B06666
T055375,R0005,0,B06666
T055376,R0005,0,B06667
T055377,R0005,1,B06667
T055378,R0005,0,B06667
T055379,R0005,1,B06667
T055380,R0005,0,B06667
T055381,R0005,1,B06667
T055382,R0005,1,B06668
T055383,R0005,0,B06668
T055384,R0005,1,B06668
T055385,R0005,0,B06668
T055386,R0005,1,B06668
T055387,R0005,0,B06668
T055388,R0005,0,B06669
T055389,R0005,1,B06669
T055390,R0005,0,B06669
T055391,R0005,1,B06669
T055392,R0005,0,B06669
T055393,R0005,1,B06669
T055394,R0005,1,B06670
T055395,R0005,0,B06670
T055396,R0005,1,B06670
T055397,R0005,0,B06670
T055398,R0005,1,B06670
T055399,R0005,0,B06670
T055400,R0005,0,B06671
T055401,R0005,1,B06671
T055402,R0005,0,B06671
T055403,R0005,1,B06671
T055404,R0005,0,B06671
T055405,R0005,1,B06671
T055406,R0005,1,B06672
T055407,R0005,0,B06672
T055408,R0005,1,B06672
T055409,R0005,0,B06672
T055410,R0005,1,B06672
T055411,R0005,0,B06672
T055412,R0005,0,B06673
T055413,R0005,1,B06673
T055414,R0005,0,B06673
T055415,R0005,1,B06673
T055416,R0005,0,B06673
T055417,R0005,1,B06673
T055418,R0005,1,B06674
T055419,R0005,0,B06674
T055420,R0005,1,B06674
T055421,R0005,0,B06674
T055422,R0005,1,B06674
T055423,R0005,0,B06674
T055424,R0005,0,B06675
T055425,R0005,1,B06675
T055426,R0005,0,B06675
T055427,R0005,1,B06675
T055428,R0005,0,B06675
T055429,R0005,1,B06675
T055430,R0005,1,B06676
T055431,R0005,0,B06676
T055432,R0005,1,B06676
T055433,R0005,0,B06676
T055434,R0005,1,B06676
T055435,R0005,0,B06676
T055436,R0005,0,B06677
T055437,R0005,1,B06677
T055438,R0005,0,B06677
T055439,R0005,1,B06677
T055440,R0005,0,B06677
T055441,R0005,1,B06677
T055442,R0005,1,B06678
T055443,R0005,0,B06678
T055444,R0005,1,B06678
T055445,R0005,0,B06678
T055446,R0005,1,B06678
T055447,R0005,0,B06678
T055448,R0005,0,B06679
T055449,R0005,1,B06679
T055450,R0005,0,B06679
T055451,R0005,1,B06679
T055452,R0005,0,B06679
T055453,R0005,1,B06679
T055454,R0005,1,B06680
T055455,R0005,0,B06680
T055456,R0005,1,B06680
T055457,R0005,0,B06680
T055458,R0005,1,B06680
T055459,R0005,0,B06680
T055460,R0005,0,B06681
T055461,R0005,1,B06681
T055462,R0005,0,B06681
T055463,R0005,1,B06681
T055464,R0005,0,B06681
T055465,R0005,1,B06681
T055466,R0005,1,B06682
T055467,R0005,0,B06682
T055468,R0005,1,B06682
T055469,R0005,0,B06682
T055470,R0005,1,B06682
T055471,R0005,0,B06683
T055472,R0005,1,B06683
T055473,R0005,0,B06683
T055474,R0005,1,B06683
T055475,R0005,0,B06683
T055476,R0005,1,B06683
T055477,R0005,1,B06684
T055478,R0005,0,B06684
T055479,R0005,1,B06684
T055480,R0005,0,B06684
T055481,R0005,1,B06684
T055482,R0005,0,B06685
T055483,R0005,1,B06685
T055484,R0005,0,B06685
T055485,R0005,1,B06685
T055486,R0005,0,B06685
T055487,R0005,1,B06685
T055488,R0005,1,B06686
T055489,R0005,0,B06686
T055490,R0005,1,B06686
T055491,R0005,0,B06686
T055492,R0005,1,B06686
T055493,R0005,0,B06687
T055494,R0005,1,B06687
T055495,R0005,0,B06687
T055496,R0005,1,B06687
T055497,R0005,0,B06687
T055498,R0005,1,B06688
T055499,R0005,0,B06688
T055500,R0005,1,B06688
T055501,R0005,0,B06688
T055502,R0005,1,B06688
T055503,R0005,0,B06689
T055504,R0005,1,B06689
T055505,R0005,0,B06689
T055506,R0005,1,B06689
T055507,R0005,0,B06689
T055508,R0005,1,B06690
T055509,R0005,0,B06690
T055510,R0005,1,B06690
T055511,R0005,0,B06690
T055512,R0005,1,B06690
T093421,R0006,0,B11491
T093422,R0006,1,B11491
T093423,R0006,0,B11491
T093424,R0006,1,B11491
T093425,R0006,0,B11491
T093426,R0006,1,B11491
T093427,R0006,0,B11491
T093428,R0006,1,B11492
T093429,R0006,0,B11492
T093430,R0006,1,B11492
T093431,R0006,0,B11492
T093432,R0006,1,B11492
T093433,R0006,0,B11492
T093434,R0006,1,B11492
T093435,R0006,0,B11493
T093436,R0006,1,B11493
T093437,R0006,0,B11493
T093438,R0006,1,B11493
T093439,R0006,0,B11493
T093440,R0006,1,B11493
T093441,R0006,0,B11493
T093442,R0006,1,B11494
T093443,R0006,0,B11494
T093444,R0006,1,B11494
T093445,R0006,0,B11494
T093446,R0006,1,B11494
T093447,R0006,0,B11494
T093448,R0006,1,B11494
T093449,R0006,0,B11495
T093450,R0006,1,B11495
T093451,R0006,0,B11495
T093452,R0006,1,B11495
T093453,R0006,0,B11495
T093454,R0006,1,B11495
T093455,R0006,0,B11495
T093456,R0006,1,B11496
T093457,R0006,0,B11496
T093458,R0006,1,B11496
T093459,R0006,0,B11496
T093460,R0006,1,B11496
T093461,R0006,0,B11496
T093462,R0006,1,B11496
T093463,R0006,0,B11497
T093464,R0006,1,B11497
T093465,R0006,0,B11497
T093466,R0006,1,B11497
T093467,R0006,0,B11497
T093468,R0006,1,B11497
T093469,R0006,0,B11497
T093470,R0006,1,B11498
T093471,R0006,0,B11498
T093472,R0006,1,B11498
T093473,R0006,0,B11498
T093474,R0006,1,B11498
T093475,R0006,0,B11498
T093476,R0006,1,B11498
T093477,R0006,0,B11499
T093478,R0006,1,B11499
T093479,R0006,0,B11499
T093480,R0006,1,B11499
T093481,R0006,0,B11499
T093482,R0006,1,B11499
T093483,R0006,0,B11499
T093484,R0006,1,B11500
T093485,R0006,0,B11500
T093486,R0006,1,B11500
T093487,R0006,0,B11500
T093488,R0006,1,B11500
T093489,R0006,0,B11500
T093490,R0006,1,B11500
T093491,R0006,0,B11501
T093492,R0006,1,B11501
T093493,R0006,0,B11501
T093494,R0006,1,B11501
T093495,R0006,0,B11501
T093496,R0006,1,B11501
T093497,R0006,0,B11501
T093498,R0006,1,B11502
T093499,R0006,0,B11502
T093500,R0006,1,B11502
T093501,R0006,0,B11502
T093502,R0006,1,B11502
T093503,R0006,0,B11502
T093504,R0006,1,B11502
T093505,R0006,0,B11503
T093506,R0006,1,B11503
T093507,R0006,0,B11503
T093508,R0006,1,B11503
T093509,R0006,0,B11503
T093510,R0006,1,B11503
T093511,R0006,0,B11503
T093512,R0006,1,B11504
T093513,R0006,0,B11504
T093514,R0006,1,B11504
T093515,R0006,0,B11504
T093516,R0006,1,B11504
T093517,R0006,0,B11504
T093518,R0006,1,B11504
T093519,R0006,0,B11505
T093520,R0006,1,B11505
T093521,R0006,0,B11505
T093522,R0006,1,B11505
T093523,R0006,0,B11505
T093524,R0006,1,B11505
T093525,R0006,0,B11505
T093526,R0006,1,B11506
T093527,R0006,0,B11506
T093528,R0006,1,B11506
T093529,R0006,0,B11506
T093530,R0006,1,B11506
T093531,R0006,0,B11506
T093532,R0006,1,B11506
T093533,R0006,0,B11507
T093534,R0006,1,B11507
T093535,R0006,0,B11507
T093536,R0006,1,B11507
T093537,R0006,0,B11507
T093538,R0006,1,B11507
T093539,R0006,0,B11507
T093540,R0006,1,B11508
T093541,R0006,0,B11508
T093542,R0006,1,B11508
T093543,R0006,0,B11508
T093544,R0006,1,B11508
T093545,R0006,0,B11508
T093546,R0006,1,B11508
T093547,R0006,0,B11509
T093548,R0006,1,B11509
T093549,R0006,0,B11509
T093550,R0006,1,B11509
T093551,R0006,0,B11509
T093552,R0006,1,B11509
T093553,R0006,0,B11509
T093554,R0006,1,B11510
T093555,R0006,0,B11510
T093556,R0006,1,B11510
T093557,R0006,0,B11510
T093558,R0006,1,B11510
T093559,R0006,0,B11510
T093560,R0006,1,B11510
T093561,R0006,0,B11511
T093562,R0006,1,B11511
T093563,R0006,0,B11511
T093564,R0006,1,B11511
T093565,R0006,0,B11511
T093566,R0006,1,B11511
T093567,R0006,0,B11511
T093568,R0006,1,B11512
T093569,R0006,0,B11512
T093570,R0006,1,B11512
T093571,R0006,0,B11512
T093572,R0006,1,B11512
T093573,R0006,0,B11512
T093574,R0006,1,B11512
T093575,R0006,0,B11513
T093576,R0006,1,B11513
T093577,R0006,0,B11513
T093578,R0006,1,B11513
T093579,R0006,0,B11513
T093580,R0006,1,B11513
T093581,R0006,0,B11513
T093582,R0006,1,B11514
T093583,R0006,0,B11514
T093584,R0006,1,B11514
T093585,R0006,0,B11514
T093586,R0006,1,B11514
T093587,R0006,0,B11514
T093588,R0006,1,B11514
T093589,R0006,0,B11515
T093590,R0006,1,B11515
T093591,R0006,0,B11515
T093592,R0006,1,B11515
T093593,R0006,0,B11515
T093594,R0006,1,B11515
T093595,R0006,1,B11516
T093596,R0006,0,B11516
T093597,R0006,1,B11516
T093598,R0006,0,B11516
T093599,R0006,1,B11516
T093600,R0006,0,B11516
T093601,R0006,0,B11517
T093602,R0006,1,B11517
T093603,R0006,0,B11517
T093604,R0006,1,B11517
T093605,R0006,0,B11517
T093606,R0006,1,B11517
T093607,R0006,1,B11518
T093608,R0006,0,B11518
T093609,R0006,1,B11518
T093610,R0006,0,B11518
T093611,R0006,1,B11518
T093612,R0006,0,B11518
T093613,R0006,0,B11519
T093614,R0006,1,B11519
T093615,R0006,0,B11519
T093616,R0006,1,B11519
T093617,R0006,0,B11519
T093618,R0006,1,B11519
T093619,R0006,1,B11520
T093620,R0006,0,B11520
T093621,R0006,1,B11520
T093622,R0006,0,B11520
T093623,R0006,1,B11520
T093624,R0006,0,B11520
T106520,R0007,0,B13141
T106521,R0007,1,B13141
T106522,R0007,0,B13141
T106523,R0007,1,B13141
T106524,R0007,0,B13141
T106525,R0007,1,B13141
T106526,R0007,0,B13141
T106527,R0007,1,B13141
T106528,R0007,0,B13141
T106529,R0007,1,B13142
T106530,R0007,0,B13142
T106531,R0007,1,B13142
T106532,R0007,0,B13142
T106533,R0007,1,B13142
T106534,R0007,0,B13142
T106535,R0007,1,B13142
T106536,R0007,0,B13142
T106537,R0007,1,B13142
T106538,R0007,0,B13143
T106539,R0007,1,B13143
T106540,R0007,0,B13143
T106541,R0007,1,B13143
T106542,R0007,0,B13143
T106543,R0007,1,B13143
T106544,R0007,0,B13143
T106545,R0007,1,B13143
T106546,R0007,0,B13143
T106547,R0007,1,B13144
T106548,R0007,0,B13144
T106549,R0007,1,B13144
T106550,R0007,0,B13144
T106551,R0007,1,B13144
T106552,R0007,0,B13144
T106553,R0007,1,B13144
T106554,R0007,0,B13144
T106555,R0007,1,B13144
T106556,R0007,0,B13145
T106557,R0007,1,B13145
T106558,R0007,0,B13145
T106559,R0007,1,B13145
T106560,R0007,0,B13145
T106561,R0007,1,B13145
T106562,R0007,0,B13145
T106563,R0007,1,B13145
T106564,R0007,1,B13146
T106565,R0007,0,B13146
T106566,R0007,1,B13146
T106567,R0007,0,B13146
T106568,R0007,1,B13146
T106569,R0007,0,B13146
T106570,R0007,1,B13146
T106571,R0007,0,B13146
T106572,R0007,0,B13147
T106573,R0007,1,B13147
T106574,R0007,0,B13147
T106575,R0007,1,B13147
T106576,R0007,0,B13147
T106577,R0007,1,B13147
T106578,R0007,0,B13147
T106579,R0007,1,B13147
T106580,R0007,1,B13148
T106581,R0007,0,B13148
T106582,R0007,1,B13148
T106583,R0007,0,B13148
T106584,R0007,1,B13148
T106585,R0007,0,B13148
T106586,R0007,1,B13148
T106587,R0007,0,B13148
T106588,R0007,0,B13149
T106589,R0007,1,B13149
T106590,R0007,0,B13149
T106591,R0007,1,B13149
T106592,R0007,0,B13149
T106593,R0007,1,B13149
T106594,R0007,0,B13149
T106595,R0007,1,B13149
T106596,R0007,1,B13150
T106597,R0007,0,B13150
T106598,R0007,1,B13150
T106599,R0007,0,B13150
T106600,R0007,1,B13150
T106601,R0007,0,B13150
T106602,R0007,1,B13150
T106603,R0007,0,B13150
T106604,R0007,0,B13151
T106605,R0007,1,B13151
T106606,R0007,0,B13151
T106607,R0007,1,B13151
T106608,R0007,0,B13151
T106609,R0007,1,B13151
T106610,R0007,0,B13151
T106611,R0007,1,B13151
T106612,R0007,1,B13152
T106613,R0007,0,B13152
T106614,R0007,1,B13152
T106615,R0007,0,B13152
T106616,R0007,1,B13152
T106617,R0007,0,B13152
T106618,R0007,1,B13152
T106619,R0007,0,B13152
T106620,R0007,0,B13153
T106621,R0007,1,B13153
T106622,R0007,0,B13153
T106623,R0007,1,B13153
T106624,R0007,0,B13153
T106625,R0007,1,B13153
T106626,R0007,0,B13153
T106627,R0007,1,B13153
T106628,R0007,1,B13154
T106629,R0007,0,B13154
T106630,R0007,1,B13154
T106631,R0007,0,B13154
T106632,R0007,1,B13154
T106633,R0007,0,B13154
T106634,R0007,1,B13154
T106635,R0007,0,B13154
T106636,R0007,0,B13155
T106637,R0007,1,B13155
T106638,R0007,0,B13155
T106639,R0007,1,B13155
T106640,R0007,0,B13155
T106641,R0007,1,B13155
T106642,R0007,0,B13155
T106643,R0007,1,B13155
T106644,R0007,1,B13156
T106645,R0007,0,B13156
T106646,R0007,1,B13156
T106647,R0007,0,B13156
T106648,R0007,1,B13156
T106649,R0007,0,B13156
T106650,R0007,1,B13156
T106651,R0007,0,B13156
T106652,R0007,0,B13157
T106653,R0007,1,B13157
T106654,R0007,0,B13157
T106655,R0007,1,B13157
T106656,R0007,0,B13157
T106657,R0007,1,B13157
T106658,R0007,0,B13157
T106659,R0007,1,B13157
T106660,R0007,1,B13158
T106661,R0007,0,B13158
T106662,R0007,1,B13158
T106663,R0007,0,B13158
T106664,R0007,1,B13158
T106665,R0007,0,B13158
T106666,R0007,1,B13158
T106667,R0007,0,B13158
T106668,R0007,0,B13159
T106669,R0007,1,B13159
T106670,R0007,0,B13159
T106671,R0007,1,B13159
T106672,R0007,0,B13159
T106673,R0007,1,B13159
T106674,R0007,0,B13159
T106675,R0007,1,B13159
T106676,R0007,1,B13160
T106677,R0007,0,B13160
T106678,R0007,1,B13160
T106679,R0007,0,B13160
T106680,R0007,1,B13160
T106681,R0007,0,B13160
T106682,R0007,1,B13160
T106683,R0007,0,B13160
T106684,R0007,0,B13161
T106685,R0007,1,B13161
T106686,R0007,0,B13161
T106687,R0007,1,B13161
T106688,R0007,0,B13161
T106689,R0007,1,B13161
T106690,R0007,0,B13161
T106691,R0007,1,B13161
T106692,R0007,1,B13162
T106693,R0007,0,B13162
T106694,R0007,1,B13162
T106695,R0007,0,B13162
T106696,R0007,1,B13162
T106697,R0007,0,B13162
T106698,R0007,1,B13162
T106699,R0007,0,B13162
T106700,R0007,0,B13163
T106701,R0007,1,B13163
T106702,R0007,0,B13163
T106703,R0007,1,B13163
T106704,R0007,0,B13163
T106705,R0007,1,B13163
T106706,R0007,0,B13163
T106707,R0007,1,B13163
T106708,R0007,1,B13164
T106709,R0007,0,B13164
T106710,R0007,1,B13164
T106711,R0007,0,B13164
T106712,R0007,1,B13164
T106713,R0007,0,B13164
T106714,R0007,1,B13164
T106715,R0007,0,B13164
T106716,R0007,0,B13165
T106717,R0007,1,B13165
T106718,R0007,0,B13165
T106719,R0007,1,B13165
T106720,R0007,0,B13165
T106721,R0007,1,B13165
T106722,R0007,0,B13165
T106723,R0007,1,B13165
T106724,R0007,1,B13166
T106725,R0007,0,B13166
T106726,R0007,1,B13166
T106727,R0007,0,B13166
T106728,R0007,1,B13166
T106729,R0007,0,B13166
T106730,R0007,1,B13166
T106731,R0007,0,B13166
T106732,R0007,0,B13167
T106733,R0007,1,B13167
T106734,R0007,0,B13167
T106735,R0007,1,B13167
T106736,R0007,0,B13167
T106737,R0007,1,B13167
T106738,R0007,0,B13167
T106739,R0007,1,B13167
T106740,R0007,1,B13168
T106741,R0007,0,B13168
T106742,R0007,1,B13168
T106743,R0007,0,B13168
T106744,R0007,1,B13168
T106745,R0007,0,B13168
T106746,R0007,1,B13168
T106747,R0007,0,B13168
T106748,R0007,0,B13169
T106749,R0007,1,B13169
T106750,R0007,0,B13169
T106751,R0007,1,B13169
T106752,R0007,0,B13169
T106753,R0007,1,B13169
T106754,R0007,0,B13169
T106755,R0007,1,B13169
T106756,R0007,1,B13170
T106757,R0007,0,B13170
T106758,R0007,1,B13170
T106759,R0007,0,B13170
T106760,R0007,1,B13170
T106761,R0007,0,B13170
T106762,R0007,1,B13170
T000199,R0008,0,B00031
T000200,R0008,1,B00031
T000201,R0008,0,B00031
T000202,R0008,1,B00031
T000203,R0008,0,B00031
T000204,R0008,1,B00031
T000205,R0008,0,B00031
T000206,R0008,1,B00031
T000207,R0008,0,B00031
T000208,R0008,1,B00031
T000209,R0008,1,B00032
T000210,R0008,0,B00032
T000211,R0008,1,B00032
T000212,R0008,0,B00032
T000213,R0008,1,B00032
T000214,R0008,0,B00032
T000215,R0008,1,B00032
T000216,R0008,0,B00032
T000217,R0008,1,B00032
T000218,R0008,0,B00032
T000219,R0008,0,B00033
T000220,R0008,1,B00033
T000221,R0008,0,B00033
T000222,R0008,1,B00033
T000223,R0008,0,B00033
T000224,R0008,1,B00033
T000225,R0008,0,B00033
T000226,R0008,1,B00033
T000227,R0008,0,B00033
T000228,R0008,1,B00033
T000229,R0008,1,B00034
T000230,R0008,0,B00034
T000231,R0008,1,B00034
T000232,R0008,0,B00034
T000233,R0008,1,B00034
T000234,R0008,0,B00034
T000235,R0008,1,B00034
T000236,R0008,0,B00034
T000237,R0008,1,B00034
T000238,R0008,0,B00034
T000239,R0008,0,B00035
T000240,R0008,1,B00035
T000241,R0008,0,B00035
T000242,R0008,1,B00035
T000243,R0008,0,B00035
T000244,R0008,1,B00035
T000245,R0008,0,B00035
T000246,R0008,1,B00035
T000247,R0008,0,B00035
T000248,R0008,1,B00035
T000249,R0008,1,B00036
T000250,R0008,0,B00036
T000251,R0008,1,B00036
T000252,R0008,0,B00036
T000253,R0008,1,B00036
T000254,R0008,0,B00036
T000255,R0008,1,B00036
T000256,R0008,0,B00036
T000257,R0008,1,B00036
T000258,R0008,0,B00036
T000259,R0008,0,B00037
T000260,R0008,1,B00037
T000261,R0008,0,B00037
T000262,R0008,1,B00037
T000263,R0008,0,B00037
T000264,R0008,1,B00037
T000265,R0008,0,B00037
T000266,R0008,1,B00037
T000267,R0008,0,B00037
T000268,R0008,1,B00037
T000269,R0008,1,B00038
T000270,R0008,0,B00038
T000271,R0008,1,B00038
T000272,R0008,0,B00038
T000273,R0008,1,B00038
T000274,R0008,0,B00038
T000275,R0008,1,B00038
T000276,R0008,0,B00038
T000277,R0008,1,B00038
T000278,R0008,0,B00038
T000279,R0008,0,B00039
T000280,R0008,1,B00039
T000281,R0008,0,B00039
T000282,R0008,1,B00039
T000283,R0008,0,B00039
T000284,R0008,1,B00039
T000285,R0008,0,B00039
T000286,R0008,1,B00039
T000287,R0008,0,B00039
T000288,R0008,1,B00039
T000289,R0008,1,B00040
T000290,R0008,0,B00040
T000291,R0008,1,B00040
T000292,R0008,0,B00040
T000293,R0008,1,B00040
T000294,R0008,0,B00040
T000295,R0008,1,B00040
T000296,R0008,0,B00040
T000297,R0008,1,B00040
T000298,R0008,0,B00040
T000299,R0008,0,B00041
T000300,R0008,1,B00041
T000301,R0008,0,B00041
T000302,R0008,1,B00041
T000303,R0008,0,B00041
T000304,R0008,1,B00041
T000305,R0008,0,B00041
T000306,R0008,1,B00041
T000307,R0008,0,B00041
T000308,R0008,1,B00041
T000309,R0008,1,B00042
T000310,R0008,0,B00042
T000311,R0008,1,B00042
T000312,R0008,0,B00042
T000313,R0008,1,B00042
T000314,R0008,0,B00042
T000315,R0008,1,B00042
T000316,R0008,0,B00042
T000317,R0008,1,B00042
T000318,R0008,0,B00042
T000319,R0008,0,B00043
T000320,R0008,1,B00043
T000321,R0008,0,B00043
T000322,R0008,1,B00043
T000323,R0008,0,B00043
T000324,R0008,1,B00043
T000325,R0008,0,B00043
T000326,R0008,1,B00043
T000327,R0008,0,B00043
T000328,R0008,1,B00044
T000329,R0008,0,B00044
T000330,R0008,1,B00044
T000331,R0008,0,B00044
T000332,R0008,1,B00044
T000333,R0008,0,B00044
T000334,R0008,1,B00044
T000335,R0008,0,B00044
T000336,R0008,1,B00044
T000337,R0008,0,B00045
T000338,R0008,1,B00045
T000339,R0008,0,B00045
T000340,R0008,1,B00045
T000341,R0008,0,B00045
T000342,R0008,1,B00045
T000343,R0008,0,B00045
T000344,R0008,1,B00045
T000345,R0008,0,B00045
T000346,R0008,1,B00046
T000347,R0008,0,B00046
T000348,R0008,1,B00046
T000349,R0008,0,B00046
T000350,R0008,1,B00046
T000351,R0008,0,B00046
T000352,R0008,1,B00046
T000353,R0008,0,B00046
T000354,R0008,1,B00046
T000355,R0008,0,B00047
T000356,R0008,1,B00047
T000357,R0008,0,B00047
T000358,R0008,1,B00047
T000359,R0008,0,B00047
T000360,R0008,1,B00047
T000361,R0008,0,B00047
T000362,R0008,1,B00047
T000363,R0008,0,B00047
T000364,R0008,1,B00048
T000365,R0008,0,B00048
T000366,R0008,1,B00048
T000367,R0008,0,B00048
T000368,R0008,1,B00048
T000369,R0008,0,B00048
T000370,R0008,1,B00048
T000371,R0008,0,B00048
T000372,R0008,1,B00048
T000373,R0008,0,B00049
T000374,R0008,1,B00049
T000375,R0008,0,B00049
T000376,R0008,1,B00049
T000377,R0008,0,B00049
T000378,R0008,1,B00049
T000379,R0008,0,B00049
T000380,R0008,1,B00049
T000381,R0008,0,B00049
T000382,R0008,1,B00050
T000383,R0008,0,B00050
T000384,R0008,1,B00050
T000385,R0008,0,B00050
T000386,R0008,1,B00050
T000387,R0008,0,B00050
T000388,R0008,1,B00050
T000389,R0008,0,B00050
T000390,R0008,1,B00050
T000391,R0008,0,B00051
T000392,R0008,1,B00051
T000393,R0008,0,B00051
T000394,R0008,1,B00051
T000395,R0008,0,B00051
T000396,R0008,1,B00051
T000397,R0008,0,B00051
T000398,R0008,1,B00051
T000399,R0008,0,B00051
T000400,R0008,1,B00052
T000401,R0008,0,B00052
T000402,R0008,1,B00052
T000403,R0008,0,B00052
T000404,R0008,1,B00052
T000405,R0008,0,B00052
T000406,R0008,1,B00052
T000407,R0008,0,B00052
T000408,R0008,1,B00052
T000409,R0008,0,B00053
T000410,R0008,1,B00053
T000411,R0008,0,B00053
T000412,R0008,1,B00053
T000413,R0008,0,B00053
T000414,R0008,1,B00053
T000415,R0008,0,B00053
T000416,R0008,1,B00053
T000417,R0008,0,B00053
T000418,R0008,1,B00054
T000419,R0008,0,B00054
T000420,R0008,1,B00054
T000421,R0008,0,B00054
T000422,R0008,1,B00054
T000423,R0008,0,B00054
T000424,R0008,1,B00054
T000425,R0008,0,B00054
T000426,R0008,1,B00054
T000427,R0008,0,B00055
T000428,R0008,1,B00055
T000429,R0008,0,B00055
T000430,R0008,1,B00055
T000431,R0008,0,B00055
T000432,R0008,1,B00055
T000433,R0008,0,B00055
T000434,R0008,1,B00055
T000435,R0008,0,B00055
T000436,R0008,1,B00056
T000437,R0008,0,B00056
T000438,R0008,1,B00056
T000439,R0008,0,B00056
T000440,R0008,1,B00056
T000441,R0008,0,B00056
T000442,R0008,1,B00056
T000443,R0008,0,B00056
T000444,R0008,1,B00056
T000445,R0008,0,B00057
T000446,R0008,1,B00057
T000447,R0008,0,B00057
T000448,R0008,1,B00057
T000449,R0008,0,B00057
T000450,R0008,1,B00057
T000451,R0008,0,B00057
T000452,R0008,1,B00057
T000453,R0008,0,B00057
T000454,R0008,1,B00058
T000455,R0008,0,B00058
T000456,R0008,1,B00058
T000457,R0008,0,B00058
T000458,R0008,1,B00058
T000459,R0008,0,B00058
T000460,R0008,1,B00058
T000461,R0008,0,B00058
T000462,R0008,1,B00058
T000463,R0008,0,B00059
T000464,R0008,1,B00059
T000465,R0008,0,B00059
T000466,R0008,1,B00059
T000467,R0008,0,B00059
T000468,R0008,1,B00059
T000469,R0008,0,B00059
T000470,R0008,1,B00059
T000471,R0008,0,B00059
T000472,R0008,1,B00060
T000473,R0008,0,B00060
T000474,R0008,1,B00060
T000475,R0008,0,B00060
T000476,R0008,1,B00060
T000477,R0008,0,B00060
T000478,R0008,1,B00060
T000479,R0008,0,B00060
T000480,R0008,1,B00060
T002476,R0009,0,B00301
T002477,R0009,1,B00301
T002478,R0009,0,B00301
T002479,R0009,1,B00301
T002480,R0009,0,B00301
T002481,R0009,1,B00301
T002482,R0009,0,B00301
T002483,R0009,1,B00301
T002484,R0009,0,B00301
T002485,R0009,1,B00301
T002486,R0009,1,B00302
T002487,R0009,0,B00302
T002488,R0009,1,B00302
T002489,R0009,0,B00302
T002490,R0009,1,B00302
T002491,R0009,0,B00302
T002492,R0009,1,B00302
T002493,R0009,0,B00302
T002494,R0009,1,B00302
T002495,R0009,0,B00302
T002496,R0009,0,B00303
T002497,R0009,1,B00303
T002498,R0009,0,B00303
T002499,R0009,1,B00303
T002500,R0009,0,B00303
T002501,R0009,1,B00303
T002502,R0009,0,B00303
T002503,R0009,1,B00303
T002504,R0009,0,B00303
T002505,R0009,1,B00303
T002506,R0009,1,B00304
T002507,R0009,0,B00304
T002508,R0009,1,B00304
T002509,R0009,0,B00304
T002510,R0009,1,B00304
T002511,R0009,0,B00304
T002512,R0009,1,B00304
T002513,R0009,0,B00304
T002514,R0009,1,B00304
T002515,R0009,0,B00304
T002516,R0009,0,B00305
T002517,R0009,1,B00305
T002518,R0009,0,B00305
T002519,R0009,1,B00305
T002520,R0009,0,B00305
T002521,R0009,1,B00305
T002522,R0009,0,B00305
T002523,R0009,1,B00305
T002524,R0009,0,B00305
T002525,R0009,1,B00305
T002526,R0009,1,B00306
T002527,R0009,0,B00306
T002528,R0009,1,B00306
T002529,R0009,0,B00306
T002530,R0009,1,B00306
T002531,R0009,0,B00306
T002532,R0009,1,B00306
T002533,R0009,0,B00306
T002534,R0009,1,B00306
T002535,R0009,0,B00306
T002536,R0009,0,B00307
T002537,R0009,1,B00307
T002538,R0009,0,B00307
T002539,R0009,1,B00307
T002540,R0009,0,B00307
T002541,R0009,1,B00307
T002542,R0009,0,B00307
T002543,R0009,1,B00307
T002544,R0009,0,B00307
T002545,R0009,1,B00307
T002546,R0009,1,B00308
T002547,R0009,0,B00308
T002548,R0009,1,B00308
T002549,R0009,0,B00308
T002550,R0009,1,B00308
T002551,R0009,0,B00308
T002552,R0009,1,B00308
T002553,R0009,0,B00308
T002554,R0009,1,B00308
T002555,R0009,0,B00308
T002556,R0009,0,B00309
T002557,R0009,1,B00309
T002558,R0009,0,B00309
T002559,R0009,1,B00309
T002560,R0009,0,B00309
T002561,R0009,1,B00309
T002562,R0009,0,B00309
T002563,R0009,1,B00309
T002564,R0009,0,B00309
T002565,R0009,1,B00309
T002566,R0009,1,B00310
T002567,R0009,0,B00310
T002568,R0009,1,B00310
T002569,R0009,0,B00310
T002570,R0009,1,B00310
T002571,R0009,0,B00310
T002572,R0009,1,B00310
T002573,R0009,0,B00310
T002574,R0009,1,B00310
T002575,R0009,0,B00310
T002576,R0009,0,B00311
T002577,R0009,1,B00311
T002578,R0009,0,B00311
T002579,R0009,1,B00311
T002580,R0009,0,B00311
T002581,R0009,1,B00311
T002582,R0009,0,B00311
T002583,R0009,1,B00311
T002584,R0009,0,B00311
T002585,R0009,1,B00311
T002586,R0009,1,B00312
T002587,R0009,0,B00312
T002588,R0009,1,B00312
T002589,R0009,0,B00312
T002590,R0009,1,B00312
T002591,R0009,0,B00312
T002592,R0009,1,B00312
T002593,R0009,0,B00312
T002594,R0009,1,B00312
T002595,R0009,0,B00312
T002596,R0009,0,B00313
T002597,R0009,1,B00313
T002598,R0009,0,B00313
T002599,R0009,1,B00313
T002600,R0009,0,B00313
T002601,R0009,1,B00313
T002602,R0009,0,B00313
T002603,R0009,1,B00313
T002604,R0009,0,B00313
T002605,R0009,1,B00313
T002606,R0009,1,B00314
T002607,R0009,0,B00314
T002608,R0009,1,B00314
T002609,R0009,0,B00314
T002610,R0009,1,B00314
T002611,R0009,0,B00314
T002612,R0009,1,B00314
T002613,R0009,0,B00314
T002614,R0009,1,B00314
T002615,R0009,0,B00314
T002616,R0009,0,B00315
T002617,R0009,1,B00315
T002618,R0009,0,B00315
T002619,R0009,1,B00315
T002620,R0009,0,B00315
T002621,R0009,1,B00315
T002622,R0009,0,B00315
T002623,R0009,1,B00315
T002624,R0009,0,B00315
T002625,R0009,1,B00315
T002626,R0009,1,B00316
T002627,R0009,0,B00316
T002628,R0009,1,B00316
T002629,R0009,0,B00316
T002630,R0009,1,B00316
T002631,R0009,0,B00316
T002632,R0009,1,B00316
T002633,R0009,0,B00316
T002634,R0009,1,B00316
T002635,R0009,0,B00316
T002636,R0009,0,B00317
T002637,R0009,1,B00317
T002638,R0009,0,B00317
T002639,R0009,1,B00317
T002640,R0009,0,B00317
T002641,R0009,1,B00317
T002642,R0009,0,B00317
T002643,R0009,1,B00317
T002644,R0009,0,B00317
T002645,R0009,1,B00317
T002646,R0009,1,B00318
T002647,R0009,0,B00318
T002648,R0009,1,B00318
T002649,R0009,0,B00318
T002650,R0009,1,B00318
T002651,R0009,0,B00318
T002652,R0009,1,B00318
T002653,R0009,0,B00318
T002654,R0009,1,B00318
T002655,R0009,0,B00318
T002656,R0009,0,B00319
T002657,R0009,1,B00319
T002658,R0009,0,B00319
T002659,R0009,1,B00319
T002660,R0009,0,B00319
T002661,R0009,1,B00319
T002662,R0009,0,B00319
T002663,R0009,1,B00319
T002664,R0009,0,B00319
T002665,R0009,1,B00320
T002666,R0009,0,B00320
T002667,R0009,1,B00320
T002668,R0009,0,B00320
T002669,R0009,1,B00320
T002670,R0009,0,B00320
T002671,R0009,1,B00320
T002672,R0009,0,B00320
T002673,R0009,1,B00320
T002674,R0009,0,B00321
T002675,R0009,1,B00321
T002676,R0009,0,B00321
T002677,R0009,1,B00321
T002678,R0009,0,B00321
T002679,R0009,1,B00321
T002680,R0009,0,B00321
T002681,R0009,1,B00321
T002682,R0009,0,B00321
T002683,R0009,1,B00322
T002684,R0009,0,B00322
T002685,R0009,1,B00322
T002686,R0009,0,B00322
T002687,R0009,1,B00322
T002688,R0009,0,B00322
T002689,R0009,1,B00322
T002690,R0009,0,B00322
T002691,R0009,1,B00322
T002692,R0009,0,B00323
T002693,R0009,1,B00323
T002694,R0009,0,B00323
T002695,R0009,1,B00323
T002696,R0009,0,B00323
T002697,R0009,1,B00323
T002698,R0009,0,B00323
T002699,R0009,1,B00323
T002700,R0009,0,B00323
T002701,R0009,1,B00324
T002702,R0009,0,B00324
T002703,R0009,1,B00324
T002704,R0009,0,B00324
T002705,R0009,1,B00324
T002706,R0009,0,B00324
T002707,R0009,1,B00324
T002708,R0009,0,B00324
T002709,R0009,1,B00324
T002710,R0009,0,B00325
T002711,R0009,1,B00325
T002712,R0009,0,B00325
T002713,R0009,1,B00325
T002714,R0009,0,B00325
T002715,R0009,1,B00325
T002716,R0009,0,B00325
T002717,R0009,1,B00325
T002718,R0009,0,B00325
T002719,R0009,1,B00326
T002720,R0009,0,B00326
T002721,R0009,1,B00326
T002722,R0009,0,B00326
T002723,R0009,1,B00326
T002724,R0009,0,B00326
T002725,R0009,1,B00326
T002726,R0009,0,B00326
T002727,R0009,1,B00326
T002728,R0009,0,B00327
T002729,R0009,1,B00327
T002730,R0009,0,B00327
T002731,R0009,1,B00327
T002732,R0009,0,B00327
T002733,R0009,1,B00327
T002734,R0009,0,B00327
T002735,R0009,1,B00327
T002736,R0009,0,B00327
T002737,R0009,1,B00328
T002738,R0009,0,B00328
T002739,R0009,1,B00328
T002740,R0009,0,B00328
T002741,R0009,1,B00328
T002742,R0009,0,B00328
T002743,R0009,1,B00328
T002744,R0009,0,B00328
T002745,R0009,1,B00328
T002746,R0009,0,B00329
T002747,R0009,1,B00329
T002748,R0009,0,B00329
T002749,R0009,1,B00329
T002750,R0009,0,B00329
T002751,R0009,1,B00329
T002752,R0009,0,B00329
T002753,R0009,1,B00329
T002754,R0009,0,B00329
T002755,R0009,1,B00330
T002756,R0009,0,B00330
T002757,R0009,1,B00330
T002758,R0009,0,B00330
T002759,R0009,1,B00330
T002760,R0009,0,B00330
T002761,R0009,1,B00330
T002762,R0009,0,B00330
T002763,R0009,1,B00330
T006628,R0010,0,B00811
T006629,R0010,1,B00811
T006630,R0010,0,B00811
T006631,R0010,1,B00811
T006632,R0010,0,B00811
T006633,R0010,1,B00811
T006634,R0010,1,B00812
T006635,R0010,0,B00812
T006636,R0010,1,B00812
T006637,R0010,0,B00812
T006638,R0010,1,B00812
T006639,R0010,0,B00812
T006640,R0010,0,B00813
T006641,R0010,1,B00813
T006642,R0010,0,B00813
T006643,R0010,1,B00813
T006644,R0010,0,B00813
T006645,R0010,1,B00813
T006646,R0010,1,B00814
T006647,R0010,0,B00814
T006648,R0010,1,B00814
T006649,R0010,0,B00814
T006650,R0010,1,B00814
T006651,R0010,0,B00814
T006652,R0010,0,B00815
T006653,R0010,1,B00815
T006654,R0010,0,B00815
T006655,R0010,1,B00815
T006656,R0010,0,B00815
T006657,R0010,1,B00815
T006658,R0010,1,B00816
T006659,R0010,0,B00816
T006660,R0010,1,B00816
T006661,R0010,0,B00816
T006662,R0010,1,B00816
T006663,R0010,0,B00816
T006664,R0010,0,B00817
T006665,R0010,1,B00817
T006666,R0010,0,B00817
T006667,R0010,1,B00817
T006668,R0010,0,B00817
T006669,R0010,1,B00817
T006670,R0010,1,B00818
T006671,R0010,0,B00818
T006672,R0010,1,B00818
T006673,R0010,0,B00818
T006674,R0010,1,B00818
T006675,R0010,0,B00818
T006676,R0010,0,B00819
T006677,R0010,1,B00819
T006678,R0010,0,B00819
T006679,R0010,1,B00819
T006680,R0010,0,B00819
T006681,R0010,1,B00819
T006682,R0010,1,B00820
T006683,R0010,0,B00820
T006684,R0010,1,B00820
T006685,R0010,0,B00820
T006686,R0010,1,B00820
T006687,R0010,0,B00820
T006688,R0010,0,B00821
T006689,R0010,1,B00821
T006690,R0010,0,B00821
T006691,R0010,1,B00821
T006692,R0010,0,B00821
T006693,R0010,1,B00821
T006694,R0010,1,B00822
T006695,R0010,0,B00822
T006696,R0010,1,B00822
T006697,R0010,0,B00822
T006698,R0010,1,B00822
T006699,R0010,0,B00822
T006700,R0010,0,B00823
T006701,R0010,1,B00823
T006702,R0010,0,B00823
T006703,R0010,1,B00823
T006704,R0010,0,B00823
T006705,R0010,1,B00823
T006706,R0010,1,B00824
T006707,R0010,0,B00824
T006708,R0010,1,B00824
T006709,R0010,0,B00824
T006710,R0010,1,B00824
T006711,R0010,0,B00824
T006712,R0010,0,B00825
T006713,R0010,1,B00825
T006714,R0010,0,B00825
T006715,R0010,1,B00825
T006716,R0010,0,B00825
T006717,R0010,1,B00825
T006718,R0010,1,B00826
T006719,R0010,0,B00826
T006720,R0010,1,B00826
T006721,R0010,0,B00826
T006722,R0010,1,B00826
T006723,R0010,0,B00826
T006724,R0010,0,B00827
T006725,R0010,1,B00827
T006726,R0010,0,B00827
T006727,R0010,1,B00827
T006728,R0010,0,B00827
T006729,R0010,1,B00827
T006730,R0010,1,B00828
T006731,R0010,0,B00828
T006732,R0010,1,B00828
T006733,R0010,0,B00828
T006734,R0010,1,B00828
T006735,R0010,0,B00828
T006736,R0010,0,B00829
T006737,R0010,1,B00829
T006738,R0010,0,B00829
T006739,R0010,1,B00829
T006740,R0010,0,B00829
T006741,R0010,1,B00829
T006742,R0010,1,B00830
T006743,R0010,0,B00830
T006744,R0010,1,B00830
T006745,R0010,0,B00830
T006746,R0010,1,B00830
T006747,R0010,0,B00830
T006748,R0010,0,B00831
T006749,R0010,1,B00831
T006750,R0010,0,B00831
T006751,R0010,1,B00831
T006752,R0010,0,B00831
T006753,R0010,1,B00831
T006754,R0010,1,B00832
T006755,R0010,0,B00832
T006756,R0010,1,B00832
T006757,R0010,0,B00832
T006758,R0010,1,B00832
T006759,R0010,0,B00832
T006760,R0010,0,B00833
T006761,R0010,1,B00833
T006762,R0010,0,B00833
T006763,R0010,1,B00833
T006764,R0010,0,B00833
T006765,R0010,1,B00833
T006766,R0010,1,B00834
T006767,R0010,0,B00834
T006768,R0010,1,B00834
T006769,R0010,0,B00834
T006770,R0010,1,B00834
T006771,R0010,0,B00835
T006772,R0010,1,B00835
T006773,R0010,0,B00835
T006774,R0010,1,B00835
T006775,R0010,0,B00835
T006776,R0010,1,B00836
T006777,R0010,0,B00836
T006778,R0010,1,B00836
T006779,R0010,0,B00836
T006780,R0010,1,B00836
T006781,R0010,0,B00837
T006782,R0010,1,B00837
T006783,R0010,0,B00837
T006784,R0010,1,B00837
T006785,R0010,0,B00837
T006786,R0010,1,B00838
T006787,R0010,0,B00838
T006788,R0010,1,B00838
T006789,R0010,0,B00838
T006790,R0010,1,B00838
T006791,R0010,0,B00839
T006792,R0010,1,B00839
T006793,R0010,0,B00839
T006794,R0010,1,B00839
T006795,R0010,0,B00839
T006796,R0010,1,B00840
T006797,R0010,0,B00840
T006798,R0010,1,B00840
T006799,R0010,0,B00840
T006800,R0010,1,B00840
